id,label,genero
0,A.Aguilar,h
1,R.Alfaro,h
2,J.Alvarez,h
3,C.Alvarez,h
4,A.Aranda,h
5,R.Arceo,h
6,r.arcos,h
7,C.Arellano,h
8,S.Arquez,h
9,J.Arroyo,h
10,S.Arteaga,m
11,J.C.Arteaga,h
12,J.Arvizu,h
13,F.Astorga,h
14,F.Avitua,h
15,A.Ayala,h
16,E.Ayon,h
17,C.Baldenegro,h
18,J.Barradas,h
19,J.Barranco,h
20,L.Barron,m
21,A.Bashir,h
22,I.Bautista,m
23,M.Bedolla,h
24,H.Bello,h
25,E.Belmont,h
26,R.Bermudez,h
27,A.Bernal,m
28,J.Besprosvany,h
29,W.Bietenholz,h
30,A.Bolanos,m
31,M.Bolanos,m
32,Y.Bonder,h
33,D.Bonilla,h
34,M.Bribiesca,h
35,K.Caballero,m
36,G.Cabral,h
37,E.Caceres,m
38,C.Calcaneo,h
39,A.Camacho,h
40,C.Canas,m
41,A.Canto,h
42,S.Carpinteyro,h
43,A.Carraminana,h
44,H.Castellanos,h
45,S.Carrillo,h
46,E.Casimiro,h
47,A.Castaneda,h
48,H.Castellanos,h
49,A.Castilla,h
50,H.Castilla-Valdez,h
51,B.Cervantes,m
52,E.Chacon,h
53,S.Chamorro,m
54,M.Chavez,m
55,D.Chavez,h
56,M.Chernicoff,h
57,C.Cisneros,m
58,J.Cobos,h
59,Y.Concha,m
60,Conde-Sanchez,h
61,G.Contreras,h
62,A.Corichi,h
63,O.Corradini,h
64,I.Cortes,h
65,J.Cortez,h
66,U.Cotti,h
67,J.Cotzomi,h
68,A.Courtoy,m
69,E.Cruz,h
70,P.DallOlio,h
71,J.DeHaro,h
72,M.DeJesus,h
73,E.DeLaCruz-Burelo,h
74,E.DeLaFuente,h
75,A.DeLaMacorra,h
76,C.DeLeon,h
77,D.Delepine,h
78,E.Delgado,h
79,L.Diaz,h
80,H.Diaz,h
81,L.Diaz-Cruz,h
82,E.Diaz,h
83,J.C.DOlivo,h
84,S.Dominguez,h
85,I.Dominguez,m
86,C.Duran,m
87,J.Engelfried,h
88,J.Erler,h
89,E.Escalante,h
90,C.Escobar,h
91,R.Espindola,h
92,L.Espinoza,m
93,M.Espinoza,h
94,N.Estrada,m
95,J.Eysermans,h
96,D.Fabela,m
97,O.Felix,m
98,J.Felix,h
99,L.Fernandez,h
100,A.Fernandez,h
101,J.Fernandi,h
102,R.Ferro,h
103,F.Flores,h
104,R.Flores,h
105,L.Flores-Sandoval,h
106,M.Flores,m
107,J.Flores,h
108,F.Fortuna,m
109,O.Franca,h
110,R.Gaitan,h
111,Z.Galileo,h
112,E.Garces,m
113,M.Garcia-Aspeitia,h
114,H.Compean,h
115,L.Garcia,h
116,J.Garcia,h
117,A.Garcia,h
118,E.Garcia,h
119,J.A.Garcia,h
120,U.Gerber,h
121,S.Gomez,h
122,M.Gomez-Bock,m
123,D.Gomez,h
124,V.Gomez,m
125,G.Gonzalez,m
126,E.Gonzalez,m
127,A.Gonzalez,m
128,V.Grabski,h
129,S.Grijalva,h
130,J.Guerra,h
131,A.Guevara,h
132,A.Guijosa,h
133,G.Guillermo-Canton,h
134,L.Guitierrez,h
135,A.Gutierrez,h
136,J.Guitierrez,h
137,M.Hentschinski,h
138,I.Heredia,h
139,A.Hernandez-Almada,h
140,K.Hernandez,h
141,C.Hernandez,h
142,S.Hernandez,h
143,S.Hernandez-Ortiz,h
144,D.Hernandez,m
145,R.Hernandez-Pinto,h
146,M.Hernandez,m
147,J.Hernandez,h
148,K.Hernandez,m
149,M.Hernandez-Villanueva,h
150,G.Herrera,h
151,P.Hess,h
152,A.Higuera,h
153,C.Honorato,h
154,F.Huante,h
155,B.Jaramillo,h
156,L.A.Jimenez,h
157,E.Jimenez,h
158,D.Juarez,h
159,S.Kaufmann,m
160,N.Kirchbach,m
161,J.Lamprea,h
162,A.Landetta,h
163,F.Larios,h
164,B.Larios,h
165,R.Lehner,h
166,E.Leon,h
167,I.Leon-Monzon,h
168,R.Linares,h
169,O.Loaiza,h
170,G.Lopez-Castro,h
171,R.Lopez-Fernandez,h
172,J.Lopez,h
173,R.Luna,h
174,U.Luviano,h
175,J.Maldonado,h
176,C.Margalli,h
177,B.Marin,m
178,O.Martinez,h
179,J.Martinez,h
180,T.Martinez,m
181,J.Martinez-Gonzalez,h
182,H.Martinez,h
183,A.Martinez,h
184,N.Martinez,h
185,I.Martinez,m
186,A.Martin,h
187,H.Maury,h
188,A.Menchaca,h
189,L.Medina,h
190,G.Medina-Tanco,h
191,H.Mejia,h
192,J.Mejia-Guisao,h
193,A.Meza,h
194,F.Millan,h
195,A.Miramontes,h
196,J.Miranda,h
197,L.Miranda,h
198,O.Miranda,h
199,P.Miranda,h
200,H.Mojica,h
201,A.Mondragon,h
202,M.Mondragon,m
203,T.Monroy,h
204,L.Montano,h
205,A.Morales,h
206,F.Morales,h
207,A.Morales-Reyes,m
208,J.Morales,h
209,H.Morales,h
210,A.Morelos,h
211,E.Moreno,h
212,G.Moreno-Granados,h
213,G.Moreno,h
214,M.Moreno-Yntriago,h
215,G.Murgia,m
216,G.Napoles,h
217,M.Napsuciale,h
218,A.Nava,h
219,G.Navarro,h
220,L.Nellen,h
221,J.Nieto,h
222,S.Nieto,h
223,G.Niz,h
224,R.Noriega-Papaqui,h
225,H.Novales,h
226,U.Nucamendi,h
227,O.Nunez,h
228,E.Okon,h
229,Y.Olguin,m
230,C.Oropeza,m
231,A.Ortiz,h
232,I.Padilla,h
233,R.Padron,h
234,G.Paic,h
235,E.Parra,m
236,L.Parra,m
237,E.Patino,h
238,I.Pedraza,m
239,E.Peinado,h
240,R.Pelayo,h
241,M.A.Perez-Angon,h
242,A.Perez-Lorenzana,h
243,R.Perez,h
244,L.A.Perez,h
245,L.Perez,h
246,F.Perez,h
247,A.Pinedo,h
248,P.L.M.Podesta-Lerma,h
249,E.Ponce,h
250,I.Portillo,h
251,I.Rabadan,h
252,S.Ramirez,h
253,M.Ramirez,h
254,O.Ramirez,h
255,M.Ramirez-Ortiz,m
256,M.Ramirez-Quezada,m
257,C.Ramirez,h
258,G.Ramirez,h
259,S.Ramos,h
260,A.Raya,h
261,J.Rendon,h
262,R.Reyes,h
263,J.Reyes,h
264,M.Reyes,h
265,J.Reynoso,h
266,D.Rivera,m
267,M.Rivera,m
268,M.Rodriguez,h
269,E.Rodriguez,h
270,D.Rodriguez,h
271,S.Rodriguez,h
272,P.Roig,h
273,D.Rojas,m
274,R.Romero,h
275,A.Roque,h
276,S.Rosado,h
277,A.Rosado,h
278,F.Rosales,h
279,O.Sabido,h
280,S.Sahu,h
281,H.Salazar,h
282,O.Salcido,h
283,G.Saldana,h
284,U.Saldana,h
285,J.Salinas,h
286,R.Sanchez,h
287,M.Sanchez,h
288,A.Sanchez-Hernandez,h
289,J.Sanchez,h
290,A.Sandoval,h
291,R.Sanmiguel,m
292,A.Santaella,h
293,D.Santana,h
294,E.Santos,h
295,Y.Sarkis,h
296,C.Schubert,h
297,A.Segovia,m
298,S.Silich,h
299,M.Sokolovsky,h
300,S.Sosa,h
301,F.Sosa,h
302,D.Sudarsky,h
303,D.Tapia,h
304,G.Tejeda,h
305,M.E.Tejeda,m
306,C.Terrero,h
307,O.Tibolla,h
308,I.Toledano,h
309,G.Toledo,h
310,I.Torres,h
311,M.Torres-Labansat,h
312,S.Tostado,h
313,P.Trejo,h
314,M.A.Trejo,m
315,F.Trillaud,h
316,C.Uribe,m
317,L.Urrutia,h
318,M.Valdivia,h
319,P.Valencia,h
320,L.Valencia,h
321,C.Valerio,h
322,C.Vaquera,h
323,E.Varela,h
324,V.Vargas,m
325,M.Vargas,m
326,S.Vargas,h
327,E.Vazquez-Jauregui,h
328,L.Vazquez,m
329,E.Vazquez,m
330,J.Vergara,h
331,M.Villasante,h
332,L.M.Villasenor,h
333,A.Villatoro,h
334,L.Vleezchower,m
335,F.Wall,h
336,A.Weber,h
337,A.Yebra,h
338,B.Yee,h
339,J.Zamora,h
340,A.Zepeda,h
341,C.Zepeda,h
